{
    "Pixel_Precision": 0.9047682812899883,
    "Pixel_Recall": 0.7791785578796709,
    "Pixel_F1": 0.837290142696452,
    "Pixel_Accuracy": 0.9821353594462077,
    "Pixel_IoU": 0.7201195873906322,
    "Region_mIoU": 0.6623790136684186
}